{
    "create_train_validation_test_splits": {
        "split_type_validation": "index",
        "split_type_test": "chemsys",
        "train_fraction": 0.7,
        "validation_fraction": 0.2,
        "test_fraction": 0.1,
        "fraction_tolerance": 0.05,
        "keep_n_elements_in_train": [],
        "default_train": [],
        "default_validation": [],
        "default_test": [],
        "n_validation_min": 1,
        "n_test_min": 10
    },
    "train_fraction_actual": 0.6981132075471698,
    "validation_fraction_actual": 0.19811320754716982,
    "test_fraction_actual": 0.10377358490566038,
    "n_train": 444,
    "n_validation": 126,
    "n_test": 66,
    "naive_random_split_trainval_test": true,
    "naive_random_split_train_val": true,
    "n_train_set_labels": 444,
    "n_validation_set_labels": 126,
    "n_trainvalidation_set_labels": 449,
    "n_test_set_labels": 49,
    "train_set_labels": [
        0,
        1,
        2,
        3,
        6,
        7,
        9,
        10,
        12,
        13,
        14,
        15,
        18,
        19,
        20,
        21,
        22,
        23,
        25,
        26,
        27,
        28,
        29,
        30,
        31,
        32,
        33,
        34,
        36,
        37,
        38,
        40,
        42,
        43,
        44,
        46,
        47,
        48,
        49,
        50,
        51,
        56,
        57,
        60,
        61,
        62,
        63,
        66,
        68,
        70,
        71,
        72,
        73,
        75,
        76,
        77,
        78,
        80,
        83,
        85,
        86,
        87,
        88,
        89,
        90,
        91,
        95,
        98,
        100,
        101,
        102,
        103,
        105,
        107,
        108,
        110,
        111,
        113,
        115,
        117,
        119,
        120,
        121,
        126,
        127,
        128,
        129,
        132,
        133,
        134,
        136,
        137,
        138,
        140,
        141,
        143,
        145,
        146,
        151,
        152,
        153,
        154,
        155,
        156,
        157,
        160,
        161,
        162,
        164,
        166,
        167,
        169,
        170,
        171,
        172,
        177,
        179,
        180,
        181,
        183,
        184,
        185,
        186,
        187,
        188,
        189,
        191,
        192,
        194,
        195,
        196,
        197,
        198,
        199,
        201,
        202,
        203,
        204,
        205,
        208,
        210,
        211,
        213,
        214,
        215,
        216,
        218,
        219,
        220,
        222,
        223,
        224,
        229,
        230,
        231,
        233,
        234,
        235,
        236,
        239,
        240,
        241,
        243,
        244,
        245,
        247,
        248,
        249,
        251,
        253,
        255,
        256,
        258,
        260,
        261,
        263,
        264,
        265,
        266,
        267,
        268,
        269,
        271,
        273,
        274,
        276,
        277,
        278,
        281,
        282,
        283,
        285,
        286,
        287,
        288,
        289,
        290,
        291,
        292,
        293,
        295,
        297,
        298,
        299,
        301,
        302,
        303,
        304,
        305,
        306,
        309,
        311,
        312,
        313,
        314,
        318,
        319,
        320,
        322,
        323,
        325,
        326,
        327,
        328,
        330,
        332,
        336,
        337,
        338,
        339,
        342,
        343,
        346,
        347,
        348,
        349,
        350,
        352,
        353,
        354,
        356,
        358,
        360,
        361,
        362,
        363,
        365,
        367,
        368,
        369,
        370,
        371,
        372,
        373,
        376,
        377,
        379,
        380,
        382,
        384,
        389,
        390,
        392,
        394,
        395,
        396,
        397,
        398,
        399,
        401,
        402,
        403,
        404,
        405,
        408,
        409,
        410,
        412,
        413,
        414,
        415,
        416,
        417,
        419,
        420,
        421,
        422,
        423,
        425,
        426,
        430,
        431,
        432,
        433,
        434,
        436,
        437,
        438,
        439,
        440,
        441,
        443,
        444,
        445,
        446,
        447,
        450,
        451,
        452,
        454,
        455,
        456,
        458,
        459,
        460,
        462,
        463,
        465,
        466,
        468,
        469,
        472,
        473,
        474,
        475,
        476,
        478,
        479,
        480,
        481,
        482,
        483,
        485,
        486,
        487,
        488,
        489,
        491,
        492,
        493,
        494,
        495,
        496,
        497,
        498,
        500,
        501,
        502,
        503,
        506,
        507,
        508,
        509,
        511,
        513,
        515,
        516,
        517,
        518,
        519,
        520,
        521,
        522,
        525,
        526,
        529,
        530,
        531,
        532,
        533,
        534,
        535,
        536,
        537,
        538,
        539,
        541,
        542,
        545,
        549,
        552,
        553,
        556,
        557,
        558,
        560,
        561,
        562,
        563,
        565,
        566,
        567,
        568,
        569,
        571,
        572,
        573,
        574,
        575,
        576,
        578,
        579,
        580,
        581,
        582,
        583,
        584,
        586,
        587,
        589,
        590,
        591,
        592,
        593,
        594,
        597,
        599,
        600,
        602,
        603,
        605,
        606,
        607,
        608,
        610,
        611,
        612,
        613,
        614,
        615,
        616,
        617,
        618,
        620,
        622,
        623,
        625,
        626,
        627,
        628,
        630,
        631,
        634,
        635
    ],