{
    "create_train_validation_test_splits": {
        "split_type_validation": "index",
        "split_type_test": "elements",
        "train_fraction": 0.7,
        "validation_fraction": 0.2,
        "test_fraction": 0.1,
        "fraction_tolerance": 0.05,
        "keep_n_elements_in_train": [],
        "default_train": [],
        "default_validation": [],
        "default_test": [],
        "n_validation_min": 1,
        "n_test_min": 4
    },
    "train_fraction_actual": 0.7264150943396226,
    "validation_fraction_actual": 0.20754716981132076,
    "test_fraction_actual": 0.0660377358490566,
    "n_train": 462,
    "n_validation": 132,
    "n_test": 42,
    "naive_random_split_trainval_test": false,
    "naive_random_split_train_val": true,
    "n_train_set_labels": 462,
    "n_validation_set_labels": 132,
    "n_trainvalidation_set_labels": 73,
    "n_test_set_labels": 4,
    "train_set_labels": [
        0,
        1,
        2,
        3,
        4,
        5,
        7,
        8,
        9,
        10,
        11,
        12,
        13,
        14,
        15,
        17,
        18,
        19,
        21,
        25,
        26,
        27,
        29,
        31,
        33,
        35,
        36,
        37,
        39,
        42,
        43,
        44,
        45,
        46,
        47,
        49,
        50,
        51,
        52,
        54,
        57,
        58,
        59,
        60,
        61,
        62,
        63,
        65,
        68,
        70,
        71,
        72,
        73,
        74,
        77,
        79,
        81,
        82,
        83,
        84,
        85,
        88,
        90,
        93,
        94,
        96,
        100,
        101,
        102,
        103,
        104,
        105,
        106,
        107,
        111,
        112,
        113,
        114,
        115,
        116,
        117,
        118,
        119,
        120,
        121,
        122,
        123,
        126,
        127,
        129,
        130,
        131,
        135,
        136,
        137,
        138,
        140,
        141,
        142,
        143,
        144,
        145,
        147,
        148,
        149,
        150,
        151,
        152,
        153,
        154,
        155,
        157,
        158,
        159,
        162,
        163,
        164,
        165,
        166,
        167,
        168,
        170,
        171,
        172,
        173,
        174,
        175,
        176,
        177,
        178,
        179,
        180,
        181,
        184,
        185,
        186,
        188,
        189,
        190,
        192,
        193,
        194,
        195,
        198,
        200,
        203,
        204,
        205,
        206,
        210,
        211,
        212,
        213,
        214,
        215,
        216,
        219,
        220,
        221,
        222,
        223,
        225,
        226,
        227,
        228,
        230,
        231,
        237,
        238,
        239,
        240,
        241,
        242,
        243,
        244,
        245,
        246,
        247,
        248,
        252,
        253,
        254,
        255,
        256,
        259,
        260,
        261,
        263,
        264,
        265,
        266,
        267,
        269,
        270,
        271,
        272,
        273,
        276,
        278,
        279,
        281,
        282,
        283,
        284,
        286,
        287,
        288,
        290,
        291,
        294,
        295,
        296,
        299,
        300,
        301,
        302,
        303,
        304,
        305,
        306,
        308,
        309,
        311,
        312,
        316,
        317,
        318,
        319,
        320,
        321,
        323,
        324,
        325,
        326,
        327,
        328,
        329,
        330,
        331,
        332,
        333,
        334,
        335,
        336,
        337,
        338,
        339,
        340,
        342,
        343,
        344,
        346,
        347,
        348,
        351,
        352,
        353,
        354,
        355,
        356,
        357,
        359,
        360,
        364,
        366,
        369,
        370,
        371,
        372,
        373,
        374,
        375,
        376,
        379,
        380,
        381,
        382,
        383,
        384,
        386,
        387,
        388,
        389,
        390,
        391,
        392,
        393,
        396,
        398,
        399,
        400,
        404,
        405,
        406,
        407,
        408,
        409,
        410,
        412,
        413,
        414,
        415,
        417,
        419,
        420,
        421,
        422,
        424,
        426,
        427,
        429,
        430,
        431,
        432,
        433,
        434,
        435,
        436,
        438,
        439,
        440,
        441,
        442,
        443,
        444,
        445,
        446,
        447,
        448,
        451,
        452,
        453,
        454,
        455,
        456,
        458,
        459,
        461,
        462,
        466,
        467,
        468,
        469,
        470,
        471,
        472,
        473,
        474,
        475,
        476,
        477,
        478,
        479,
        480,
        481,
        482,
        483,
        485,
        486,
        487,
        488,
        491,
        493,
        494,
        495,
        496,
        497,
        498,
        501,
        502,
        503,
        504,
        505,
        506,
        507,
        508,
        509,
        510,
        511,
        512,
        513,
        514,
        515,
        518,
        520,
        522,
        523,
        524,
        525,
        526,
        527,
        530,
        532,
        534,
        536,
        538,
        540,
        541,
        542,
        544,
        545,
        546,
        548,
        549,
        550,
        551,
        552,
        553,
        555,
        556,
        557,
        558,
        559,
        560,
        562,
        563,
        564,
        565,
        567,
        568,
        569,
        570,
        571,
        573,
        574,
        577,
        579,
        581,
        582,
        583,
        584,
        585,
        586,
        587,
        588,
        589,
        591,
        595,
        596,
        597,
        599,
        604,
        605,
        608,
        610,
        611,
        613,
        614,
        615,
        617,
        618,
        620,
        621,
        622,
        623,
        624,
        626,
        627,
        628,
        629,
        634,
        635
    ],