{
    "create_train_validation_test_splits": {
        "split_type_validation": "index",
        "split_type_test": "elements",
        "train_fraction": 0.7,
        "validation_fraction": 0.2,
        "test_fraction": 0.1,
        "fraction_tolerance": 0.05,
        "keep_n_elements_in_train": [],
        "default_train": [],
        "default_validation": [],
        "default_test": [],
        "n_validation_min": 1,
        "n_test_min": 4
    },
    "train_fraction_actual": 0.710691823899371,
    "validation_fraction_actual": 0.2028301886792453,
    "test_fraction_actual": 0.08647798742138364,
    "n_train": 452,
    "n_validation": 129,
    "n_test": 55,
    "naive_random_split_trainval_test": false,
    "naive_random_split_train_val": true,
    "n_train_set_labels": 452,
    "n_validation_set_labels": 129,
    "n_trainvalidation_set_labels": 73,
    "n_test_set_labels": 4,
    "train_set_labels": [
        0,
        1,
        2,
        7,
        8,
        10,
        12,
        13,
        14,
        15,
        16,
        17,
        20,
        21,
        22,
        23,
        24,
        27,
        29,
        31,
        32,
        33,
        34,
        36,
        37,
        38,
        39,
        41,
        42,
        44,
        46,
        49,
        53,
        54,
        55,
        56,
        58,
        59,
        63,
        64,
        69,
        71,
        73,
        74,
        75,
        77,
        79,
        80,
        82,
        84,
        85,
        86,
        87,
        88,
        89,
        90,
        91,
        93,
        94,
        95,
        97,
        98,
        99,
        103,
        104,
        105,
        107,
        108,
        110,
        111,
        112,
        113,
        114,
        115,
        116,
        117,
        118,
        120,
        121,
        122,
        123,
        125,
        126,
        128,
        129,
        131,
        132,
        133,
        134,
        135,
        136,
        137,
        140,
        141,
        142,
        144,
        145,
        146,
        147,
        148,
        149,
        150,
        151,
        152,
        153,
        154,
        155,
        156,
        158,
        161,
        162,
        164,
        165,
        166,
        167,
        168,
        169,
        170,
        171,
        172,
        174,
        175,
        176,
        177,
        178,
        179,
        181,
        182,
        184,
        185,
        186,
        187,
        188,
        189,
        193,
        195,
        197,
        200,
        201,
        203,
        204,
        205,
        206,
        208,
        209,
        211,
        212,
        213,
        214,
        217,
        219,
        220,
        222,
        223,
        226,
        227,
        228,
        229,
        232,
        233,
        235,
        237,
        238,
        240,
        241,
        242,
        244,
        246,
        248,
        254,
        256,
        257,
        258,
        259,
        260,
        261,
        263,
        264,
        267,
        268,
        269,
        270,
        271,
        272,
        273,
        274,
        275,
        276,
        278,
        281,
        282,
        283,
        286,
        287,
        290,
        291,
        292,
        293,
        294,
        295,
        296,
        297,
        298,
        299,
        301,
        302,
        303,
        304,
        305,
        306,
        308,
        309,
        311,
        313,
        314,
        317,
        318,
        319,
        320,
        322,
        323,
        324,
        325,
        329,
        330,
        331,
        332,
        333,
        334,
        335,
        337,
        338,
        339,
        341,
        342,
        343,
        346,
        347,
        348,
        349,
        350,
        352,
        353,
        354,
        356,
        357,
        358,
        361,
        362,
        363,
        365,
        367,
        368,
        369,
        370,
        371,
        373,
        374,
        375,
        376,
        377,
        378,
        379,
        381,
        383,
        384,
        385,
        386,
        387,
        388,
        391,
        392,
        393,
        396,
        398,
        400,
        401,
        403,
        404,
        406,
        407,
        408,
        411,
        413,
        414,
        415,
        416,
        418,
        419,
        420,
        421,
        422,
        423,
        424,
        425,
        428,
        429,
        430,
        431,
        433,
        436,
        437,
        438,
        440,
        441,
        442,
        443,
        444,
        445,
        446,
        447,
        449,
        450,
        451,
        452,
        453,
        454,
        456,
        458,
        459,
        460,
        462,
        463,
        465,
        468,
        470,
        471,
        472,
        473,
        475,
        476,
        477,
        478,
        480,
        483,
        484,
        486,
        488,
        489,
        490,
        491,
        494,
        495,
        497,
        498,
        501,
        502,
        504,
        505,
        506,
        507,
        508,
        509,
        510,
        511,
        515,
        516,
        519,
        520,
        521,
        522,
        523,
        524,
        525,
        527,
        528,
        529,
        530,
        531,
        532,
        533,
        535,
        537,
        538,
        540,
        541,
        543,
        545,
        546,
        547,
        548,
        549,
        552,
        553,
        554,
        555,
        556,
        557,
        559,
        560,
        561,
        563,
        565,
        566,
        567,
        568,
        569,
        570,
        571,
        572,
        573,
        574,
        575,
        577,
        578,
        579,
        581,
        582,
        583,
        584,
        585,
        586,
        587,
        588,
        589,
        590,
        591,
        593,
        594,
        595,
        596,
        597,
        598,
        599,
        600,
        602,
        603,
        604,
        606,
        608,
        609,
        610,
        611,
        613,
        615,
        616,
        617,
        618,
        619,
        620,
        621,
        622,
        623,
        624,
        625,
        627,
        628,
        629,
        630,
        632,
        633,
        634
    ],