{
    "create_train_validation_test_splits": {
        "split_type_validation": "index",
        "split_type_test": "composition",
        "train_fraction": 0.7,
        "validation_fraction": 0.2,
        "test_fraction": 0.1,
        "fraction_tolerance": 0.05,
        "keep_n_elements_in_train": [],
        "default_train": [],
        "default_validation": [],
        "default_test": [],
        "n_validation_min": 1,
        "n_test_min": 10
    },
    "train_fraction_actual": 0.6981132075471698,
    "validation_fraction_actual": 0.19811320754716982,
    "test_fraction_actual": 0.10377358490566038,
    "n_train": 444,
    "n_validation": 126,
    "n_test": 66,
    "naive_random_split_trainval_test": true,
    "naive_random_split_train_val": true,
    "n_train_set_labels": 444,
    "n_validation_set_labels": 126,
    "n_trainvalidation_set_labels": 512,
    "n_test_set_labels": 56,
    "train_set_labels": [
        0,
        1,
        2,
        3,
        4,
        6,
        7,
        8,
        9,
        10,
        11,
        13,
        15,
        16,
        18,
        20,
        22,
        23,
        25,
        26,
        27,
        28,
        29,
        30,
        31,
        33,
        35,
        38,
        43,
        45,
        46,
        47,
        48,
        49,
        50,
        52,
        53,
        54,
        55,
        57,
        58,
        59,
        60,
        61,
        62,
        63,
        65,
        67,
        69,
        70,
        71,
        72,
        73,
        74,
        76,
        77,
        78,
        79,
        80,
        81,
        82,
        83,
        84,
        85,
        86,
        88,
        90,
        94,
        95,
        96,
        97,
        102,
        104,
        105,
        107,
        108,
        111,
        112,
        113,
        115,
        116,
        117,
        118,
        119,
        121,
        122,
        123,
        125,
        129,
        130,
        131,
        132,
        133,
        134,
        135,
        137,
        138,
        141,
        142,
        143,
        145,
        146,
        147,
        148,
        149,
        150,
        151,
        152,
        153,
        154,
        155,
        156,
        157,
        158,
        159,
        161,
        162,
        163,
        167,
        169,
        170,
        172,
        173,
        175,
        176,
        177,
        178,
        180,
        181,
        182,
        183,
        184,
        185,
        186,
        188,
        189,
        190,
        192,
        193,
        194,
        195,
        197,
        198,
        199,
        202,
        203,
        204,
        205,
        209,
        211,
        214,
        215,
        216,
        217,
        219,
        221,
        222,
        223,
        224,
        225,
        226,
        227,
        229,
        230,
        231,
        232,
        233,
        234,
        235,
        236,
        238,
        239,
        241,
        242,
        246,
        247,
        248,
        249,
        250,
        251,
        252,
        253,
        254,
        255,
        256,
        257,
        259,
        263,
        264,
        265,
        267,
        270,
        271,
        272,
        273,
        274,
        275,
        276,
        277,
        279,
        280,
        281,
        282,
        283,
        284,
        286,
        287,
        289,
        290,
        291,
        292,
        293,
        296,
        298,
        299,
        300,
        305,
        306,
        310,
        311,
        312,
        313,
        314,
        315,
        316,
        317,
        319,
        323,
        324,
        327,
        328,
        329,
        330,
        331,
        332,
        334,
        335,
        338,
        340,
        341,
        343,
        344,
        345,
        346,
        348,
        349,
        351,
        352,
        353,
        354,
        358,
        359,
        360,
        361,
        362,
        367,
        368,
        369,
        370,
        371,
        372,
        373,
        375,
        376,
        378,
        379,
        380,
        384,
        385,
        386,
        387,
        388,
        389,
        390,
        391,
        395,
        396,
        397,
        398,
        399,
        400,
        402,
        405,
        406,
        407,
        409,
        411,
        413,
        415,
        416,
        417,
        418,
        420,
        421,
        422,
        423,
        424,
        425,
        426,
        427,
        428,
        429,
        430,
        431,
        432,
        436,
        437,
        438,
        439,
        441,
        444,
        445,
        446,
        447,
        448,
        449,
        450,
        451,
        453,
        454,
        455,
        456,
        458,
        459,
        460,
        461,
        463,
        464,
        465,
        466,
        467,
        468,
        472,
        474,
        475,
        476,
        477,
        478,
        479,
        481,
        482,
        483,
        484,
        485,
        487,
        488,
        489,
        490,
        491,
        492,
        493,
        494,
        495,
        496,
        497,
        498,
        499,
        501,
        502,
        503,
        504,
        505,
        507,
        508,
        509,
        511,
        512,
        513,
        515,
        518,
        519,
        520,
        522,
        523,
        525,
        527,
        528,
        530,
        533,
        534,
        535,
        539,
        540,
        541,
        542,
        543,
        545,
        546,
        547,
        550,
        553,
        554,
        555,
        557,
        558,
        559,
        560,
        562,
        563,
        565,
        566,
        567,
        569,
        570,
        571,
        573,
        574,
        576,
        577,
        578,
        579,
        580,
        581,
        582,
        583,
        584,
        585,
        587,
        589,
        590,
        593,
        596,
        597,
        598,
        599,
        600,
        602,
        603,
        605,
        608,
        610,
        611,
        612,
        613,
        615,
        617,
        618,
        620,
        621,
        622,
        625,
        626,
        632,
        633
    ],