{
    "create_train_validation_test_splits": {
        "split_type_validation": "index",
        "split_type_test": "sgnum",
        "train_fraction": 0.7,
        "validation_fraction": 0.2,
        "test_fraction": 0.1,
        "fraction_tolerance": 0.05,
        "keep_n_elements_in_train": [],
        "default_train": [],
        "default_validation": [],
        "default_test": [],
        "n_validation_min": 1,
        "n_test_min": 4
    },
    "train_fraction_actual": 0.7154088050314465,
    "validation_fraction_actual": 0.2028301886792453,
    "test_fraction_actual": 0.08176100628930817,
    "n_train": 455,
    "n_validation": 129,
    "n_test": 52,
    "naive_random_split_trainval_test": true,
    "naive_random_split_train_val": true,
    "n_train_set_labels": 455,
    "n_validation_set_labels": 129,
    "n_trainvalidation_set_labels": 37,
    "n_test_set_labels": 6,
    "train_set_labels": [
        5,
        7,
        8,
        10,
        12,
        13,
        15,
        18,
        19,
        20,
        21,
        26,
        27,
        28,
        29,
        30,
        31,
        32,
        33,
        34,
        36,
        37,
        38,
        39,
        40,
        41,
        43,
        44,
        45,
        46,
        47,
        48,
        51,
        52,
        53,
        57,
        58,
        59,
        60,
        61,
        62,
        65,
        66,
        67,
        68,
        69,
        71,
        72,
        74,
        76,
        77,
        78,
        79,
        80,
        81,
        83,
        86,
        89,
        91,
        92,
        93,
        94,
        96,
        98,
        99,
        100,
        101,
        102,
        103,
        104,
        105,
        108,
        110,
        111,
        114,
        115,
        116,
        117,
        118,
        119,
        120,
        121,
        122,
        123,
        124,
        125,
        127,
        128,
        130,
        131,
        132,
        133,
        134,
        135,
        136,
        137,
        138,
        142,
        145,
        146,
        148,
        149,
        150,
        152,
        153,
        154,
        155,
        156,
        157,
        161,
        162,
        163,
        164,
        165,
        166,
        167,
        168,
        169,
        170,
        172,
        174,
        176,
        177,
        178,
        179,
        180,
        183,
        184,
        185,
        186,
        187,
        188,
        189,
        192,
        196,
        197,
        199,
        200,
        201,
        202,
        203,
        207,
        208,
        210,
        215,
        216,
        219,
        220,
        221,
        222,
        223,
        224,
        226,
        227,
        228,
        229,
        230,
        231,
        232,
        234,
        236,
        237,
        238,
        239,
        240,
        241,
        243,
        244,
        245,
        247,
        248,
        249,
        251,
        253,
        255,
        256,
        257,
        258,
        259,
        261,
        263,
        264,
        265,
        266,
        267,
        268,
        269,
        270,
        271,
        273,
        274,
        275,
        276,
        277,
        278,
        279,
        281,
        282,
        283,
        284,
        285,
        286,
        287,
        288,
        289,
        290,
        291,
        294,
        295,
        296,
        297,
        298,
        299,
        300,
        301,
        303,
        304,
        305,
        306,
        307,
        309,
        310,
        311,
        315,
        316,
        318,
        319,
        320,
        322,
        323,
        324,
        325,
        327,
        329,
        330,
        331,
        332,
        333,
        334,
        335,
        336,
        338,
        340,
        341,
        342,
        343,
        345,
        347,
        350,
        351,
        352,
        355,
        356,
        357,
        359,
        363,
        364,
        368,
        369,
        370,
        371,
        372,
        373,
        376,
        377,
        378,
        379,
        381,
        382,
        383,
        384,
        385,
        386,
        387,
        388,
        389,
        390,
        394,
        395,
        397,
        399,
        400,
        402,
        403,
        404,
        405,
        406,
        408,
        409,
        410,
        412,
        413,
        414,
        415,
        416,
        417,
        418,
        420,
        421,
        422,
        424,
        425,
        426,
        427,
        428,
        429,
        430,
        431,
        432,
        434,
        435,
        436,
        437,
        438,
        439,
        440,
        443,
        444,
        446,
        448,
        449,
        450,
        451,
        452,
        453,
        455,
        456,
        457,
        458,
        459,
        463,
        466,
        467,
        468,
        469,
        473,
        474,
        475,
        476,
        477,
        480,
        481,
        485,
        486,
        488,
        489,
        490,
        491,
        492,
        493,
        494,
        495,
        496,
        500,
        501,
        502,
        505,
        507,
        508,
        511,
        514,
        515,
        516,
        517,
        518,
        519,
        520,
        521,
        523,
        525,
        526,
        527,
        529,
        530,
        532,
        533,
        534,
        535,
        539,
        540,
        541,
        544,
        545,
        546,
        547,
        548,
        549,
        550,
        552,
        553,
        554,
        555,
        557,
        558,
        560,
        561,
        562,
        563,
        564,
        565,
        566,
        567,
        568,
        569,
        570,
        571,
        572,
        573,
        575,
        576,
        577,
        578,
        579,
        581,
        582,
        583,
        585,
        586,
        587,
        588,
        590,
        591,
        592,
        593,
        595,
        597,
        598,
        599,
        600,
        601,
        602,
        604,
        605,
        607,
        608,
        609,
        610,
        611,
        612,
        613,
        614,
        616,
        617,
        618,
        619,
        620,
        621,
        623,
        627,
        628,
        629,
        630,
        631,
        632,
        633
    ],