{
    "create_train_validation_test_splits": {
        "split_type_validation": "index",
        "split_type_test": "periodictablegroups",
        "train_fraction": 0.7,
        "validation_fraction": 0.2,
        "test_fraction": 0.1,
        "fraction_tolerance": 0.05,
        "keep_n_elements_in_train": [],
        "default_train": [],
        "default_validation": [],
        "default_test": [],
        "n_validation_min": 1,
        "n_test_min": 4
    },
    "train_fraction_actual": 0.6713836477987422,
    "validation_fraction_actual": 0.1918238993710692,
    "test_fraction_actual": 0.13679245283018868,
    "n_train": 427,
    "n_validation": 122,
    "n_test": 87,
    "naive_random_split_trainval_test": false,
    "naive_random_split_train_val": true,
    "n_train_set_labels": 427,
    "n_validation_set_labels": 122,
    "n_trainvalidation_set_labels": 14,
    "n_test_set_labels": 4,
    "train_set_labels": [
        0,
        2,
        3,
        5,
        8,
        9,
        10,
        11,
        12,
        16,
        17,
        18,
        19,
        21,
        22,
        26,
        27,
        29,
        30,
        31,
        32,
        33,
        34,
        35,
        36,
        37,
        38,
        39,
        40,
        41,
        44,
        45,
        46,
        47,
        50,
        54,
        56,
        57,
        58,
        60,
        61,
        64,
        66,
        67,
        68,
        69,
        72,
        75,
        77,
        78,
        79,
        83,
        85,
        87,
        90,
        91,
        92,
        94,
        95,
        96,
        97,
        98,
        102,
        103,
        105,
        106,
        107,
        108,
        109,
        110,
        111,
        113,
        114,
        115,
        116,
        117,
        118,
        119,
        122,
        123,
        124,
        125,
        126,
        128,
        129,
        130,
        131,
        132,
        133,
        134,
        135,
        136,
        137,
        139,
        140,
        141,
        142,
        144,
        145,
        150,
        151,
        152,
        153,
        154,
        156,
        158,
        159,
        160,
        163,
        164,
        165,
        166,
        167,
        169,
        170,
        171,
        172,
        173,
        175,
        176,
        177,
        179,
        183,
        184,
        185,
        187,
        189,
        190,
        191,
        192,
        193,
        195,
        197,
        198,
        200,
        201,
        202,
        205,
        206,
        207,
        208,
        211,
        212,
        213,
        214,
        216,
        217,
        218,
        219,
        220,
        221,
        222,
        223,
        224,
        225,
        226,
        229,
        230,
        231,
        233,
        234,
        235,
        236,
        238,
        239,
        240,
        241,
        243,
        245,
        246,
        247,
        249,
        250,
        252,
        254,
        258,
        260,
        262,
        263,
        264,
        265,
        266,
        267,
        270,
        272,
        274,
        276,
        278,
        279,
        280,
        281,
        282,
        283,
        284,
        285,
        286,
        287,
        289,
        290,
        291,
        292,
        293,
        294,
        296,
        300,
        301,
        302,
        303,
        304,
        305,
        308,
        313,
        315,
        316,
        317,
        318,
        322,
        323,
        324,
        325,
        329,
        330,
        331,
        332,
        333,
        334,
        335,
        336,
        337,
        340,
        342,
        343,
        344,
        345,
        346,
        347,
        348,
        349,
        351,
        352,
        353,
        354,
        355,
        356,
        357,
        359,
        364,
        365,
        366,
        368,
        370,
        371,
        374,
        375,
        379,
        382,
        383,
        384,
        385,
        386,
        387,
        388,
        390,
        392,
        393,
        394,
        397,
        399,
        400,
        401,
        403,
        404,
        405,
        406,
        407,
        408,
        413,
        414,
        415,
        416,
        418,
        421,
        425,
        426,
        428,
        429,
        430,
        431,
        433,
        435,
        440,
        441,
        443,
        445,
        446,
        447,
        448,
        451,
        454,
        455,
        456,
        457,
        459,
        460,
        461,
        462,
        463,
        465,
        466,
        467,
        470,
        471,
        472,
        473,
        474,
        475,
        476,
        479,
        480,
        481,
        482,
        483,
        484,
        485,
        488,
        490,
        491,
        494,
        495,
        496,
        499,
        502,
        503,
        504,
        506,
        507,
        508,
        509,
        510,
        511,
        512,
        513,
        514,
        515,
        517,
        518,
        519,
        521,
        522,
        525,
        526,
        528,
        529,
        531,
        533,
        534,
        536,
        537,
        539,
        541,
        542,
        543,
        546,
        547,
        548,
        551,
        552,
        553,
        555,
        556,
        557,
        558,
        559,
        561,
        562,
        563,
        564,
        565,
        566,
        567,
        568,
        570,
        571,
        573,
        574,
        576,
        580,
        581,
        583,
        585,
        586,
        587,
        590,
        591,
        592,
        593,
        594,
        595,
        596,
        597,
        598,
        599,
        600,
        601,
        602,
        604,
        605,
        606,
        607,
        608,
        609,
        610,
        611,
        612,
        614,
        615,
        619,
        620,
        621,
        623,
        625,
        626,
        627,
        628,
        631,
        633,
        634
    ],