{
    "create_train_validation_test_splits": {
        "split_type_validation": "index",
        "split_type_test": "pointgroup",
        "train_fraction": 0.7,
        "validation_fraction": 0.2,
        "test_fraction": 0.1,
        "fraction_tolerance": 0.05,
        "keep_n_elements_in_train": [],
        "default_train": [],
        "default_validation": [],
        "default_test": [],
        "n_validation_min": 1,
        "n_test_min": 10
    },
    "train_fraction_actual": 0.6729559748427673,
    "validation_fraction_actual": 0.1918238993710692,
    "test_fraction_actual": 0.13522012578616352,
    "n_train": 428,
    "n_validation": 122,
    "n_test": 86,
    "naive_random_split_trainval_test": false,
    "naive_random_split_train_val": true,
    "n_train_set_labels": 428,
    "n_validation_set_labels": 122,
    "n_trainvalidation_set_labels": 10,
    "n_test_set_labels": 10,
    "train_set_labels": [
        1,
        2,
        4,
        5,
        6,
        7,
        9,
        10,
        12,
        13,
        14,
        15,
        16,
        17,
        19,
        22,
        23,
        24,
        25,
        27,
        28,
        29,
        30,
        32,
        33,
        34,
        35,
        36,
        37,
        40,
        41,
        42,
        43,
        44,
        45,
        48,
        49,
        52,
        53,
        54,
        55,
        57,
        58,
        59,
        60,
        61,
        67,
        68,
        71,
        72,
        73,
        74,
        75,
        77,
        79,
        80,
        82,
        87,
        89,
        90,
        91,
        93,
        94,
        95,
        97,
        98,
        100,
        101,
        103,
        104,
        105,
        107,
        108,
        109,
        110,
        111,
        112,
        114,
        115,
        116,
        120,
        121,
        122,
        123,
        125,
        126,
        128,
        129,
        131,
        132,
        133,
        135,
        136,
        137,
        138,
        139,
        140,
        141,
        144,
        146,
        151,
        153,
        157,
        158,
        160,
        161,
        162,
        163,
        165,
        167,
        168,
        169,
        170,
        172,
        174,
        176,
        179,
        180,
        182,
        183,
        184,
        185,
        186,
        187,
        188,
        189,
        190,
        191,
        192,
        193,
        194,
        195,
        198,
        199,
        200,
        201,
        202,
        203,
        205,
        206,
        207,
        209,
        210,
        211,
        212,
        214,
        215,
        217,
        218,
        219,
        220,
        221,
        222,
        223,
        224,
        225,
        227,
        231,
        232,
        233,
        236,
        237,
        238,
        239,
        240,
        241,
        242,
        243,
        245,
        247,
        248,
        249,
        250,
        251,
        252,
        253,
        254,
        258,
        260,
        261,
        264,
        265,
        266,
        269,
        271,
        273,
        274,
        276,
        277,
        278,
        279,
        281,
        284,
        285,
        286,
        287,
        288,
        290,
        293,
        294,
        295,
        296,
        297,
        299,
        300,
        301,
        303,
        304,
        306,
        307,
        309,
        311,
        315,
        317,
        318,
        321,
        322,
        325,
        326,
        327,
        329,
        330,
        331,
        332,
        333,
        334,
        335,
        336,
        337,
        339,
        340,
        341,
        342,
        344,
        345,
        349,
        350,
        351,
        355,
        356,
        357,
        358,
        360,
        361,
        362,
        363,
        365,
        366,
        367,
        368,
        369,
        375,
        376,
        378,
        380,
        381,
        383,
        384,
        385,
        386,
        387,
        388,
        389,
        390,
        391,
        392,
        393,
        395,
        397,
        399,
        401,
        402,
        403,
        404,
        405,
        406,
        407,
        408,
        409,
        411,
        412,
        413,
        415,
        417,
        418,
        419,
        420,
        421,
        422,
        423,
        424,
        425,
        426,
        427,
        428,
        429,
        430,
        432,
        434,
        436,
        440,
        441,
        445,
        447,
        449,
        450,
        451,
        452,
        453,
        454,
        455,
        456,
        457,
        460,
        463,
        464,
        466,
        467,
        468,
        469,
        471,
        472,
        473,
        474,
        475,
        477,
        478,
        479,
        481,
        482,
        483,
        487,
        488,
        492,
        494,
        495,
        496,
        497,
        498,
        499,
        500,
        501,
        503,
        504,
        505,
        506,
        507,
        508,
        509,
        510,
        515,
        516,
        519,
        520,
        522,
        525,
        526,
        527,
        528,
        529,
        530,
        531,
        533,
        534,
        535,
        536,
        537,
        538,
        539,
        541,
        542,
        543,
        544,
        547,
        548,
        550,
        551,
        552,
        553,
        555,
        556,
        557,
        558,
        560,
        563,
        564,
        567,
        569,
        570,
        576,
        577,
        578,
        580,
        581,
        582,
        583,
        584,
        585,
        586,
        588,
        589,
        590,
        591,
        592,
        597,
        599,
        600,
        603,
        604,
        605,
        606,
        608,
        609,
        611,
        612,
        614,
        616,
        617,
        619,
        621,
        622,
        624,
        625,
        627,
        628,
        630,
        633,
        634
    ],